"Category","Question","Answer"
"Corporate Profile","What is the official company profile address and structural identity of Aim Green?","Aim Green Limited is a premier eco-friendly manufacturer headquartered at Amin Tower, Savar, Dhaka, Bangladesh. Motto: 'Sustaining Tomorrow, Hand-Woven Today.'"
"Corporate Profile","What is the primary mission and ecological vision of Aim Green?","Aim Green's vision is to replace synthetic single-use plastics globally by scaling up industrial production of 100% biodegradable jute and cotton alternatives. Our mission focuses on clean production loops while economically empowering artisan networks."
"Corporate Profile","What international environmental and factory compliance certifications does Aim Green hold?","Aim Green maintains deep compliance adherence, including global certifications for GOTS (Global Organic Textile Standard) for cotton sourcing, OEKO-TEX Standard 100, Sedex factory audit compliance, and local affiliations with the Bangladesh Jute Mills Corporation (BJMC)."
"Corporate Profile","Who are Aim Green's core B2B target markets and international distribution outlets?","We supply multinational retail conglomerates, fashion brands, and organic agricultural networks. A primary trade pipeline for the North American sector relies on direct integration with established Canadian distribution partners like Avnit Inc."
"Product Specs","What specific grades and variants of jute fabric are available for bag production?","We utilize premium grade-A Tossa Jute (known for its natural golden sheen and tensile strength) and White Jute (ideal for deep fabric bleaching and color saturation). Fabric weaves range from coarse 9x10 hessian up to heavy-duty 14x15 juco blends."
"Product Specs","What cotton and canvas material weights can clients select from?","Clients can choose between lightweight 5oz organic cotton (excellent for promotional giveaways), mid-weight 8oz canvas (standard tote configurations), and premium heavy-duty 12oz to 16oz duck canvas (engineered for structured luxury retail bags)."
"Product Specs","What food-grade or moisture-resistant lining options do you offer for jute packaging?","To satisfy commercial shipping rules, we provide an eco-friendly starch-based bio-lamination lining that is 100% compostable. For heavy industrial use, a conventional 50-micron food-grade LDPE (Low-Density Polyethylene) water-resistant coating is available."
"Product Specs","What are the internal volume thresholds and weight capacities of standard Aim Green bags?","Standard cotton and jute shopping totes are engineered with cross-stitched handles and reinforced piping, safely sustaining load capacities up to 20kg (44 lbs). Heavy industrial jute sacks support up to 50kg capacities."
"Production Capabilities","What custom branding print technologies are deployed in the Aim Green factory?","We operate a clean print facility offering multi-color automated silk-screen printing utilizing certified azo-free water-based inks, high-definition digital heat transfers for multi-tonal photographic designs, and direct automated embroidery."
"Production Capabilities","What component choices are available for custom bag handles and straps?","B2B buyers can select self-fabric flat canvas straps, heavy cotton webbing straps, padded internal cotton rope cores encased in jute fabric, or sustainably sourced bamboo ring handles fixed via reinforced metal rivets."
"Production Capabilities","Can Aim Green manufacture custom bag dimensions and match exact corporate brand colors?","Yes. We specialize in custom-tailored patterns built from clients' tech specs. Fabric dyeing is matched directly against the Pantone Matching System (PMS) coated/uncoated formula array with a 98% tint accuracy guarantee."
"Production Capabilities","What is the standard turnaround timeline for bulk production physical sample prototyping?","Standard sample creation takes 5 to 7 business days following digital artwork approval. Prototyping fees are fully credited toward the client's account balance once the subsequent bulk manufacturing run is authorized."
"Logistics & Export","What are the official shipping ports and standard Incoterms used by Aim Green?","All international freight is quoted under FOB (Free On Board) terms out of Chattogram Port, Bangladesh. We also coordinate local transport clearances down to the Dhaka Inland Container Depot (ICD) if specified."
"Logistics & Export","What industrial shipping packaging protocols are applied to secure large volume orders?","To optimize container space and trim ocean freight spending, bags are packed into hydraulic-compressed bales wrapped in waterproof HDPE sheets. Alternatively, corrugated 7-ply seaworthy export cartons are provided for high-end retail inventory."
"Logistics & Export","What are the estimated maritime ocean transit windows for global distribution hubs?","Average sea freight delivery spans 28-35 days to European ports, 35-42 days to the North American East Coast (routing through distribution channels like Avnit Inc. in Canada), and 18-22 days to Middle Eastern trade zones."
"Logistics & Export","What trade documentation packages are delivered alongside international shipments?","Every export container bundle is accompanied by a clean Bill of Lading, Certified Commercial Invoice, detailed Packing List, GSP Certificate of Origin (Form A) for customs tariff reduction, and an official Phytosanitary Inspection Certificate."
"B2B Commercial Terms","What are the strict Minimum Order Quantities (MOQs) enforced for wholesale pricing?","The baseline B2B MOQ is 50 units for unprinted in-stock inventory items. Customized branded prints or custom-tailored bag profiles require a minimum production run of 500 units per graphic layout."
"B2B Commercial Terms","What payment architectures and currency structures does the financial department accept?","We settle corporate transactions exclusively in USD or EUR. Accepted financial structures include an Irrevocable Letter of Credit (L/C at sight) or a Telegraphic Transfer (T/T) configuration requiring a 50% advance deposit and the remaining 50% balance paid upon bill of lading generation."
"B2B Commercial Terms","What discount tier pricing metrics apply to massive enterprise volume orders?","Wholesale price breaks scale incrementally: baseline pricing applies at 50 units; a 15% discount triggers at 1,000 units; a 25% discount activates at 5,000 units; and custom factory-direct contract rates open up for logistics runs exceeding 10,000 units."
"B2B Commercial Terms","How do corporate accounts qualify for open trade credit or Net-30 payment structures?","Net-30 open account privileges are reserved exclusively for vetted corporate entities showing a minimum of 12 months consecutive order history with Aim Green and a verified positive commercial credit score assessment."